title,link,desc
Read More,/network/local-news/2016/03/07/flight-mh370-families-file-lawsuit-chinese-court-461216,
Read More,/manila/local-news/2016/03/07/american-tests-positive-zika-virus-while-philippines-461056,
Read More,/cebu/local-news/2016/03/06/poe-escudero-trekking-votes-461029,
Read More,/manila/local-news/2016/03/05/philippines-impounds-north-korean-ship-460912,
Read More,/manila/local-news/2016/03/04/sos-diliman-holds-world-premiere-music-video-lumad-460720,
Read More,/baguio/local-news/2016/03/03/farm-ads-banned-benguet-460565,
Read More,/network/local-news/2016/03/03/indonesia-lifts-tsunami-alert-issued-after-powerful-quake-460458,
Read More,/manila/local-news/2016/02/29/npc-formally-endorses-poe-escudero-tandem-459880,
Read More,/network/news/2016/02/06/guv-says-19-killed-hotel-fire-irbil-iraq-455821,
Read More,/cebu/local-news/2016/02/05/rappler-sunstar-partner-2016-elections-455696,
Read More,/cebu/local-news/2016/02/04/church-officials-oppose-ramas-plan-say-its-sacred-structure-455387,
Read More,/cebu/local-news/2016/02/02/thanks-all-around-455026,
Read More,/cebu/local-news/2016/02/02/hospital-labor-unrest-escalates-455021,
Read More,/network/local-news/2016/01/31/next-iec-budapest-hungary-2020-454712,
Read More,/manila/local-news/2016/01/31/aquino-ex-neda-chief-be-missed-454709,
Read More,/manila/local-news/2016/01/31/doh-cautions-public-zika-virus-454679,
Read More,/baguio/local-news/2016/02/12/illegal-campaign-posters-baguio-removed-456972,
Read More,/manila/local-news/2016/02/12/comelec-turns-over-source-codes-bsp-456897,
Read More,/cebu/local-news/2016/02/08/bridge-traffic-expected-today-lapu-mandaue-456206,
Read More,/network/local-news/2016/02/08/fire-hits-sanciangko-st-cebu-city-456088,
Read More,/manila/local-news/2016/02/07/dole-no-work-no-pay-chinese-new-year-455969,
Read More,/network/news/2016/02/07/un-chief-34-groups-now-allied-islamic-state-extremists-455943,
Read More,/network/news/2016/02/06/monkey-year-inspires-kung-fu-predictions-fire-disease-455844,
Read More,/manila/local-news/2016/02/06/poe-regains-top-spot-pulse-asia-survey-455842,
Read More,/cebu/local-news/2016/02/18/women-rain-fail-stop-wrecking-crew-457895,
Read More,/cebu/local-news/2016/02/16/comelec-wants-quicker-transmission-457517,
Read More,/manila/local-news/2016/02/15/ph-sell-marcos-jewelry-valued-21-million-457347,
Read More,/manila/local-news/2016/02/15/binay-tops-sws-presidential-survey-anew-457345,
Read More,/cebu/local-news/2016/02/15/4-floors-9-days-new-cebu-city-hospital-457332,
Read More,/manila/local-news/2016/02/14/aquino-raise-south-china-sea-issue-asean-us-summit-457221,
Read More,/manila/local-news/2016/02/14/doh-issue-advisory-zika-pinoy-athletes-457191,
Read More,/cebu/local-news/2016/02/13/road-solution-mandaue-457056,
